run_name,encoder_type,pooling,remove_padding,background,slice_width,stride,pad_to_width,num_epochs,max_samples,max_batches,best_val_auc,best_epoch,total_seconds,status,error
conv1d__sweep__attention__nopad__black__sw16__st16,conv1d,attention,False,black,16,16,,5,,,0.9972666663994703,4,978.2192566394806,ok,
conv1d__sweep__attention__nopad__black__sw16__st8,conv1d,attention,False,black,16,8,,5,,,0.9955711300166226,5,1034.4750168323517,ok,
conv1d__sweep__attention__nopad__black__sw32__st16,conv1d,attention,False,black,32,16,,5,,,0.585172734729412,5,1002.8473689556122,ok,
conv1d__sweep__attention__nopad__black__sw32__st32,conv1d,attention,False,black,32,32,,5,,,0.37579766883787097,4,981.5731372833252,ok,
conv1d__sweep__attention__nopad__black__sw3__st1,conv1d,attention,False,black,3,1,,5,,,0.5642340148646089,1,1391.8785440921783,ok,
conv1d__sweep__attention__nopad__black__sw3__st3,conv1d,attention,False,black,3,3,,5,,,0.5919012521701733,1,1079.5097334384918,ok,
conv1d__sweep__attention__nopad__black__sw4__st2,conv1d,attention,False,black,4,2,,5,,,0.6221869212980106,2,1201.8230562210083,ok,
conv1d__sweep__attention__nopad__black__sw4__st4,conv1d,attention,False,black,4,4,,5,,,0.5758211022659371,4,1084.7938268184662,ok,
conv1d__sweep__attention__nopad__black__sw6__st3,conv1d,attention,False,black,6,3,,5,,,0.9140086200512078,5,1120.2667427062988,ok,
conv1d__sweep__attention__nopad__black__sw6__st6,conv1d,attention,False,black,6,6,,5,,,nan,-1,0.6938917636871338,failed,"RuntimeError('CUDA error: uncorrectable ECC error encountered\nCUDA kernel errors might be asynchronously reported at some other API call, so the stacktrace below might be incorrect.\nFor debugging consider passing CUDA_LAUNCH_BLOCKING=1\nCompile with `TORCH_USE_CUDA_DSA` to enable device-side assertions.\n')"
conv1d__sweep__attention__nopad__black__sw8__st4,conv1d,attention,False,black,8,4,,5,,,0.9228765541472941,5,1071.806025981903,ok,
conv1d__sweep__attention__nopad__black__sw8__st8,conv1d,attention,False,black,8,8,,5,,,0.5472305338743947,1,1016.5641694068909,ok,
conv1d__sweep__attention__pad__black__sw16__st16,conv1d,attention,True,black,16,16,,5,,,nan,-1,2.430877685546875,failed,"ValueError('Caught ValueError in DataLoader worker process 1.\nOriginal Traceback (most recent call last):\n  File ""/home/setliu22/.conda/envs/itau/lib/python3.11/site-packages/torch/utils/data/_utils/worker.py"", line 349, in _worker_loop\n    data = fetcher.fetch(index)  # type: ignore[possibly-undefined]\n           ^^^^^^^^^^^^^^^^^^^^\n  File ""/home/setliu22/.conda/envs/itau/lib/python3.11/site-packages/torch/utils/data/_utils/fetch.py"", line 52, in fetch\n    data = [self.dataset[idx] for idx in possibly_batched_index]\n           ^^^^^^^^^^^^^^^^^^^^^^^^^^^^^^^^^^^^^^^^^^^^^^^^^^^^^\n  File ""/home/setliu22/.conda/envs/itau/lib/python3.11/site-packages/torch/utils/data/_utils/fetch.py"", line 52, in <listcomp>\n    data = [self.dataset[idx] for idx in possibly_batched_index]\n            ~~~~~~~~~~~~^^^^^\n  File ""/orcd/home/002/setliu22/fine-grained-homoglyph-detection/training/dataset.py"", line 80, in __getitem__\n    process(name_a),\n    ^^^^^^^^^^^^^^^\n  File ""/orcd/home/002/setliu22/fine-grained-homoglyph-detection/training/dataset.py"", line 70, in process\n    slices = slice_image(\n             ^^^^^^^^^^^^\n  File ""/orcd/home/002/setliu22/fine-grained-homoglyph-detection/rendering/slicer.py"", line 53, in slice_image\n    return np.stack(slices, axis=0)\n           ^^^^^^^^^^^^^^^^^^^^^^^^\n  File ""/home/setliu22/.conda/envs/itau/lib/python3.11/site-packages/numpy/core/shape_base.py"", line 445, in stack\n    raise ValueError(\'need at least one array to stack\')\nValueError: need at least one array to stack\n')"
conv1d__sweep__attention__pad__black__sw16__st8,conv1d,attention,True,black,16,8,,5,,,nan,-1,2.0589005947113037,failed,"ValueError('Caught ValueError in DataLoader worker process 1.\nOriginal Traceback (most recent call last):\n  File ""/home/setliu22/.conda/envs/itau/lib/python3.11/site-packages/torch/utils/data/_utils/worker.py"", line 349, in _worker_loop\n    data = fetcher.fetch(index)  # type: ignore[possibly-undefined]\n           ^^^^^^^^^^^^^^^^^^^^\n  File ""/home/setliu22/.conda/envs/itau/lib/python3.11/site-packages/torch/utils/data/_utils/fetch.py"", line 52, in fetch\n    data = [self.dataset[idx] for idx in possibly_batched_index]\n           ^^^^^^^^^^^^^^^^^^^^^^^^^^^^^^^^^^^^^^^^^^^^^^^^^^^^^\n  File ""/home/setliu22/.conda/envs/itau/lib/python3.11/site-packages/torch/utils/data/_utils/fetch.py"", line 52, in <listcomp>\n    data = [self.dataset[idx] for idx in possibly_batched_index]\n            ~~~~~~~~~~~~^^^^^\n  File ""/orcd/home/002/setliu22/fine-grained-homoglyph-detection/training/dataset.py"", line 80, in __getitem__\n    process(name_a),\n    ^^^^^^^^^^^^^^^\n  File ""/orcd/home/002/setliu22/fine-grained-homoglyph-detection/training/dataset.py"", line 70, in process\n    slices = slice_image(\n             ^^^^^^^^^^^^\n  File ""/orcd/home/002/setliu22/fine-grained-homoglyph-detection/rendering/slicer.py"", line 53, in slice_image\n    return np.stack(slices, axis=0)\n           ^^^^^^^^^^^^^^^^^^^^^^^^\n  File ""/home/setliu22/.conda/envs/itau/lib/python3.11/site-packages/numpy/core/shape_base.py"", line 445, in stack\n    raise ValueError(\'need at least one array to stack\')\nValueError: need at least one array to stack\n')"
conv1d__sweep__attention__pad__black__sw32__st16,conv1d,attention,True,black,32,16,,5,,,nan,-1,1.7742388248443604,failed,"ValueError('Caught ValueError in DataLoader worker process 0.\nOriginal Traceback (most recent call last):\n  File ""/home/setliu22/.conda/envs/itau/lib/python3.11/site-packages/torch/utils/data/_utils/worker.py"", line 349, in _worker_loop\n    data = fetcher.fetch(index)  # type: ignore[possibly-undefined]\n           ^^^^^^^^^^^^^^^^^^^^\n  File ""/home/setliu22/.conda/envs/itau/lib/python3.11/site-packages/torch/utils/data/_utils/fetch.py"", line 52, in fetch\n    data = [self.dataset[idx] for idx in possibly_batched_index]\n           ^^^^^^^^^^^^^^^^^^^^^^^^^^^^^^^^^^^^^^^^^^^^^^^^^^^^^\n  File ""/home/setliu22/.conda/envs/itau/lib/python3.11/site-packages/torch/utils/data/_utils/fetch.py"", line 52, in <listcomp>\n    data = [self.dataset[idx] for idx in possibly_batched_index]\n            ~~~~~~~~~~~~^^^^^\n  File ""/orcd/home/002/setliu22/fine-grained-homoglyph-detection/training/dataset.py"", line 80, in __getitem__\n    process(name_a),\n    ^^^^^^^^^^^^^^^\n  File ""/orcd/home/002/setliu22/fine-grained-homoglyph-detection/training/dataset.py"", line 70, in process\n    slices = slice_image(\n             ^^^^^^^^^^^^\n  File ""/orcd/home/002/setliu22/fine-grained-homoglyph-detection/rendering/slicer.py"", line 53, in slice_image\n    return np.stack(slices, axis=0)\n           ^^^^^^^^^^^^^^^^^^^^^^^^\n  File ""/home/setliu22/.conda/envs/itau/lib/python3.11/site-packages/numpy/core/shape_base.py"", line 445, in stack\n    raise ValueError(\'need at least one array to stack\')\nValueError: need at least one array to stack\n')"
conv1d__sweep__attention__pad__black__sw32__st32,conv1d,attention,True,black,32,32,,5,,,nan,-1,2.044692277908325,failed,"ValueError('Caught ValueError in DataLoader worker process 0.\nOriginal Traceback (most recent call last):\n  File ""/home/setliu22/.conda/envs/itau/lib/python3.11/site-packages/torch/utils/data/_utils/worker.py"", line 349, in _worker_loop\n    data = fetcher.fetch(index)  # type: ignore[possibly-undefined]\n           ^^^^^^^^^^^^^^^^^^^^\n  File ""/home/setliu22/.conda/envs/itau/lib/python3.11/site-packages/torch/utils/data/_utils/fetch.py"", line 52, in fetch\n    data = [self.dataset[idx] for idx in possibly_batched_index]\n           ^^^^^^^^^^^^^^^^^^^^^^^^^^^^^^^^^^^^^^^^^^^^^^^^^^^^^\n  File ""/home/setliu22/.conda/envs/itau/lib/python3.11/site-packages/torch/utils/data/_utils/fetch.py"", line 52, in <listcomp>\n    data = [self.dataset[idx] for idx in possibly_batched_index]\n            ~~~~~~~~~~~~^^^^^\n  File ""/orcd/home/002/setliu22/fine-grained-homoglyph-detection/training/dataset.py"", line 80, in __getitem__\n    process(name_a),\n    ^^^^^^^^^^^^^^^\n  File ""/orcd/home/002/setliu22/fine-grained-homoglyph-detection/training/dataset.py"", line 70, in process\n    slices = slice_image(\n             ^^^^^^^^^^^^\n  File ""/orcd/home/002/setliu22/fine-grained-homoglyph-detection/rendering/slicer.py"", line 53, in slice_image\n    return np.stack(slices, axis=0)\n           ^^^^^^^^^^^^^^^^^^^^^^^^\n  File ""/home/setliu22/.conda/envs/itau/lib/python3.11/site-packages/numpy/core/shape_base.py"", line 445, in stack\n    raise ValueError(\'need at least one array to stack\')\nValueError: need at least one array to stack\n')"
conv1d__sweep__attention__pad__black__sw3__st1,conv1d,attention,True,black,3,1,,5,,,0.5844788586827059,1,1434.3966886997223,ok,
conv1d__sweep__attention__pad__black__sw3__st3,conv1d,attention,True,black,3,3,,5,,,0.9275079562129908,5,1123.4990859031677,ok,
conv1d__sweep__attention__pad__black__sw4__st2,conv1d,attention,True,black,4,2,,5,,,nan,-1,2.2444264888763428,failed,"ValueError('Caught ValueError in DataLoader worker process 3.\nOriginal Traceback (most recent call last):\n  File ""/home/setliu22/.conda/envs/itau/lib/python3.11/site-packages/torch/utils/data/_utils/worker.py"", line 349, in _worker_loop\n    data = fetcher.fetch(index)  # type: ignore[possibly-undefined]\n           ^^^^^^^^^^^^^^^^^^^^\n  File ""/home/setliu22/.conda/envs/itau/lib/python3.11/site-packages/torch/utils/data/_utils/fetch.py"", line 52, in fetch\n    data = [self.dataset[idx] for idx in possibly_batched_index]\n           ^^^^^^^^^^^^^^^^^^^^^^^^^^^^^^^^^^^^^^^^^^^^^^^^^^^^^\n  File ""/home/setliu22/.conda/envs/itau/lib/python3.11/site-packages/torch/utils/data/_utils/fetch.py"", line 52, in <listcomp>\n    data = [self.dataset[idx] for idx in possibly_batched_index]\n            ~~~~~~~~~~~~^^^^^\n  File ""/orcd/home/002/setliu22/fine-grained-homoglyph-detection/training/dataset.py"", line 80, in __getitem__\n    process(name_a),\n    ^^^^^^^^^^^^^^^\n  File ""/orcd/home/002/setliu22/fine-grained-homoglyph-detection/training/dataset.py"", line 70, in process\n    slices = slice_image(\n             ^^^^^^^^^^^^\n  File ""/orcd/home/002/setliu22/fine-grained-homoglyph-detection/rendering/slicer.py"", line 53, in slice_image\n    return np.stack(slices, axis=0)\n           ^^^^^^^^^^^^^^^^^^^^^^^^\n  File ""/home/setliu22/.conda/envs/itau/lib/python3.11/site-packages/numpy/core/shape_base.py"", line 445, in stack\n    raise ValueError(\'need at least one array to stack\')\nValueError: need at least one array to stack\n')"
conv1d__sweep__attention__pad__black__sw4__st4,conv1d,attention,True,black,4,4,,5,,,nan,-1,2.234915256500244,failed,"ValueError('Caught ValueError in DataLoader worker process 3.\nOriginal Traceback (most recent call last):\n  File ""/home/setliu22/.conda/envs/itau/lib/python3.11/site-packages/torch/utils/data/_utils/worker.py"", line 349, in _worker_loop\n    data = fetcher.fetch(index)  # type: ignore[possibly-undefined]\n           ^^^^^^^^^^^^^^^^^^^^\n  File ""/home/setliu22/.conda/envs/itau/lib/python3.11/site-packages/torch/utils/data/_utils/fetch.py"", line 52, in fetch\n    data = [self.dataset[idx] for idx in possibly_batched_index]\n           ^^^^^^^^^^^^^^^^^^^^^^^^^^^^^^^^^^^^^^^^^^^^^^^^^^^^^\n  File ""/home/setliu22/.conda/envs/itau/lib/python3.11/site-packages/torch/utils/data/_utils/fetch.py"", line 52, in <listcomp>\n    data = [self.dataset[idx] for idx in possibly_batched_index]\n            ~~~~~~~~~~~~^^^^^\n  File ""/orcd/home/002/setliu22/fine-grained-homoglyph-detection/training/dataset.py"", line 80, in __getitem__\n    process(name_a),\n    ^^^^^^^^^^^^^^^\n  File ""/orcd/home/002/setliu22/fine-grained-homoglyph-detection/training/dataset.py"", line 70, in process\n    slices = slice_image(\n             ^^^^^^^^^^^^\n  File ""/orcd/home/002/setliu22/fine-grained-homoglyph-detection/rendering/slicer.py"", line 53, in slice_image\n    return np.stack(slices, axis=0)\n           ^^^^^^^^^^^^^^^^^^^^^^^^\n  File ""/home/setliu22/.conda/envs/itau/lib/python3.11/site-packages/numpy/core/shape_base.py"", line 445, in stack\n    raise ValueError(\'need at least one array to stack\')\nValueError: need at least one array to stack\n')"
conv1d__sweep__attention__pad__black__sw6__st3,conv1d,attention,True,black,6,3,,5,,,nan,-1,2.227842330932617,failed,"ValueError('Caught ValueError in DataLoader worker process 3.\nOriginal Traceback (most recent call last):\n  File ""/home/setliu22/.conda/envs/itau/lib/python3.11/site-packages/torch/utils/data/_utils/worker.py"", line 349, in _worker_loop\n    data = fetcher.fetch(index)  # type: ignore[possibly-undefined]\n           ^^^^^^^^^^^^^^^^^^^^\n  File ""/home/setliu22/.conda/envs/itau/lib/python3.11/site-packages/torch/utils/data/_utils/fetch.py"", line 52, in fetch\n    data = [self.dataset[idx] for idx in possibly_batched_index]\n           ^^^^^^^^^^^^^^^^^^^^^^^^^^^^^^^^^^^^^^^^^^^^^^^^^^^^^\n  File ""/home/setliu22/.conda/envs/itau/lib/python3.11/site-packages/torch/utils/data/_utils/fetch.py"", line 52, in <listcomp>\n    data = [self.dataset[idx] for idx in possibly_batched_index]\n            ~~~~~~~~~~~~^^^^^\n  File ""/orcd/home/002/setliu22/fine-grained-homoglyph-detection/training/dataset.py"", line 80, in __getitem__\n    process(name_a),\n    ^^^^^^^^^^^^^^^\n  File ""/orcd/home/002/setliu22/fine-grained-homoglyph-detection/training/dataset.py"", line 70, in process\n    slices = slice_image(\n             ^^^^^^^^^^^^\n  File ""/orcd/home/002/setliu22/fine-grained-homoglyph-detection/rendering/slicer.py"", line 53, in slice_image\n    return np.stack(slices, axis=0)\n           ^^^^^^^^^^^^^^^^^^^^^^^^\n  File ""/home/setliu22/.conda/envs/itau/lib/python3.11/site-packages/numpy/core/shape_base.py"", line 445, in stack\n    raise ValueError(\'need at least one array to stack\')\nValueError: need at least one array to stack\n')"
conv1d__sweep__attention__pad__black__sw6__st6,conv1d,attention,True,black,6,6,,5,,,nan,-1,2.2944953441619873,failed,"ValueError('Caught ValueError in DataLoader worker process 3.\nOriginal Traceback (most recent call last):\n  File ""/home/setliu22/.conda/envs/itau/lib/python3.11/site-packages/torch/utils/data/_utils/worker.py"", line 349, in _worker_loop\n    data = fetcher.fetch(index)  # type: ignore[possibly-undefined]\n           ^^^^^^^^^^^^^^^^^^^^\n  File ""/home/setliu22/.conda/envs/itau/lib/python3.11/site-packages/torch/utils/data/_utils/fetch.py"", line 52, in fetch\n    data = [self.dataset[idx] for idx in possibly_batched_index]\n           ^^^^^^^^^^^^^^^^^^^^^^^^^^^^^^^^^^^^^^^^^^^^^^^^^^^^^\n  File ""/home/setliu22/.conda/envs/itau/lib/python3.11/site-packages/torch/utils/data/_utils/fetch.py"", line 52, in <listcomp>\n    data = [self.dataset[idx] for idx in possibly_batched_index]\n            ~~~~~~~~~~~~^^^^^\n  File ""/orcd/home/002/setliu22/fine-grained-homoglyph-detection/training/dataset.py"", line 80, in __getitem__\n    process(name_a),\n    ^^^^^^^^^^^^^^^\n  File ""/orcd/home/002/setliu22/fine-grained-homoglyph-detection/training/dataset.py"", line 70, in process\n    slices = slice_image(\n             ^^^^^^^^^^^^\n  File ""/orcd/home/002/setliu22/fine-grained-homoglyph-detection/rendering/slicer.py"", line 53, in slice_image\n    return np.stack(slices, axis=0)\n           ^^^^^^^^^^^^^^^^^^^^^^^^\n  File ""/home/setliu22/.conda/envs/itau/lib/python3.11/site-packages/numpy/core/shape_base.py"", line 445, in stack\n    raise ValueError(\'need at least one array to stack\')\nValueError: need at least one array to stack\n')"
conv1d__sweep__attention__pad__black__sw8__st4,conv1d,attention,True,black,8,4,,5,,,nan,-1,2.2161521911621094,failed,"ValueError('Caught ValueError in DataLoader worker process 3.\nOriginal Traceback (most recent call last):\n  File ""/home/setliu22/.conda/envs/itau/lib/python3.11/site-packages/torch/utils/data/_utils/worker.py"", line 349, in _worker_loop\n    data = fetcher.fetch(index)  # type: ignore[possibly-undefined]\n           ^^^^^^^^^^^^^^^^^^^^\n  File ""/home/setliu22/.conda/envs/itau/lib/python3.11/site-packages/torch/utils/data/_utils/fetch.py"", line 52, in fetch\n    data = [self.dataset[idx] for idx in possibly_batched_index]\n           ^^^^^^^^^^^^^^^^^^^^^^^^^^^^^^^^^^^^^^^^^^^^^^^^^^^^^\n  File ""/home/setliu22/.conda/envs/itau/lib/python3.11/site-packages/torch/utils/data/_utils/fetch.py"", line 52, in <listcomp>\n    data = [self.dataset[idx] for idx in possibly_batched_index]\n            ~~~~~~~~~~~~^^^^^\n  File ""/orcd/home/002/setliu22/fine-grained-homoglyph-detection/training/dataset.py"", line 80, in __getitem__\n    process(name_a),\n    ^^^^^^^^^^^^^^^\n  File ""/orcd/home/002/setliu22/fine-grained-homoglyph-detection/training/dataset.py"", line 70, in process\n    slices = slice_image(\n             ^^^^^^^^^^^^\n  File ""/orcd/home/002/setliu22/fine-grained-homoglyph-detection/rendering/slicer.py"", line 53, in slice_image\n    return np.stack(slices, axis=0)\n           ^^^^^^^^^^^^^^^^^^^^^^^^\n  File ""/home/setliu22/.conda/envs/itau/lib/python3.11/site-packages/numpy/core/shape_base.py"", line 445, in stack\n    raise ValueError(\'need at least one array to stack\')\nValueError: need at least one array to stack\n')"
conv1d__sweep__attention__pad__black__sw8__st8,conv1d,attention,True,black,8,8,,5,,,nan,-1,2.2105166912078857,failed,"ValueError('Caught ValueError in DataLoader worker process 3.\nOriginal Traceback (most recent call last):\n  File ""/home/setliu22/.conda/envs/itau/lib/python3.11/site-packages/torch/utils/data/_utils/worker.py"", line 349, in _worker_loop\n    data = fetcher.fetch(index)  # type: ignore[possibly-undefined]\n           ^^^^^^^^^^^^^^^^^^^^\n  File ""/home/setliu22/.conda/envs/itau/lib/python3.11/site-packages/torch/utils/data/_utils/fetch.py"", line 52, in fetch\n    data = [self.dataset[idx] for idx in possibly_batched_index]\n           ^^^^^^^^^^^^^^^^^^^^^^^^^^^^^^^^^^^^^^^^^^^^^^^^^^^^^\n  File ""/home/setliu22/.conda/envs/itau/lib/python3.11/site-packages/torch/utils/data/_utils/fetch.py"", line 52, in <listcomp>\n    data = [self.dataset[idx] for idx in possibly_batched_index]\n            ~~~~~~~~~~~~^^^^^\n  File ""/orcd/home/002/setliu22/fine-grained-homoglyph-detection/training/dataset.py"", line 80, in __getitem__\n    process(name_a),\n    ^^^^^^^^^^^^^^^\n  File ""/orcd/home/002/setliu22/fine-grained-homoglyph-detection/training/dataset.py"", line 70, in process\n    slices = slice_image(\n             ^^^^^^^^^^^^\n  File ""/orcd/home/002/setliu22/fine-grained-homoglyph-detection/rendering/slicer.py"", line 53, in slice_image\n    return np.stack(slices, axis=0)\n           ^^^^^^^^^^^^^^^^^^^^^^^^\n  File ""/home/setliu22/.conda/envs/itau/lib/python3.11/site-packages/numpy/core/shape_base.py"", line 445, in stack\n    raise ValueError(\'need at least one array to stack\')\nValueError: need at least one array to stack\n')"
conv1d__sweep__max__nopad__black__sw16__st16,conv1d,max,False,black,16,16,,5,,,0.6239157846421345,1,996.2720718383789,ok,
conv1d__sweep__max__nopad__black__sw16__st8,conv1d,max,False,black,16,8,,5,,,0.6250445012953514,1,1045.0799443721771,ok,
conv1d__sweep__max__nopad__black__sw32__st16,conv1d,max,False,black,32,16,,5,,,0.9978911439503417,5,1028.073767900467,ok,
conv1d__sweep__max__nopad__black__sw32__st32,conv1d,max,False,black,32,32,,5,,,0.9975539753009317,5,1017.7359502315521,ok,
conv1d__sweep__max__nopad__black__sw3__st1,conv1d,max,False,black,3,1,,5,,,0.5651036089483195,1,1425.5930123329163,ok,
conv1d__sweep__max__nopad__black__sw3__st3,conv1d,max,False,black,3,3,,5,,,0.5604210401950164,2,1031.1179640293121,ok,
conv1d__sweep__max__nopad__black__sw4__st2,conv1d,max,False,black,4,2,,5,,,0.5581304541859273,3,1143.3492925167084,ok,
conv1d__sweep__max__nopad__black__sw4__st4,conv1d,max,False,black,4,4,,5,,,0.5522998478547979,5,1084.4574790000916,ok,
conv1d__sweep__max__nopad__black__sw6__st3,conv1d,max,False,black,6,3,,5,,,0.5845777722324812,2,1160.815601348877,ok,
conv1d__sweep__max__nopad__black__sw6__st6,conv1d,max,False,black,6,6,,5,,,0.5496843566467553,1,1072.6444692611694,ok,
conv1d__sweep__max__nopad__black__sw8__st4,conv1d,max,False,black,8,4,,5,,,0.5002800118217049,1,1141.084588766098,ok,
conv1d__sweep__max__nopad__black__sw8__st8,conv1d,max,False,black,8,8,,5,,,0.5290911262805176,2,1043.7905099391937,ok,
conv1d__sweep__max__pad__black__sw16__st16,conv1d,max,True,black,16,16,,5,,,nan,-1,3.153116464614868,failed,"ValueError('Caught ValueError in DataLoader worker process 1.\nOriginal Traceback (most recent call last):\n  File ""/home/setliu22/.conda/envs/itau/lib/python3.11/site-packages/torch/utils/data/_utils/worker.py"", line 349, in _worker_loop\n    data = fetcher.fetch(index)  # type: ignore[possibly-undefined]\n           ^^^^^^^^^^^^^^^^^^^^\n  File ""/home/setliu22/.conda/envs/itau/lib/python3.11/site-packages/torch/utils/data/_utils/fetch.py"", line 52, in fetch\n    data = [self.dataset[idx] for idx in possibly_batched_index]\n           ^^^^^^^^^^^^^^^^^^^^^^^^^^^^^^^^^^^^^^^^^^^^^^^^^^^^^\n  File ""/home/setliu22/.conda/envs/itau/lib/python3.11/site-packages/torch/utils/data/_utils/fetch.py"", line 52, in <listcomp>\n    data = [self.dataset[idx] for idx in possibly_batched_index]\n            ~~~~~~~~~~~~^^^^^\n  File ""/orcd/home/002/setliu22/fine-grained-homoglyph-detection/training/dataset.py"", line 80, in __getitem__\n    process(name_a),\n    ^^^^^^^^^^^^^^^\n  File ""/orcd/home/002/setliu22/fine-grained-homoglyph-detection/training/dataset.py"", line 70, in process\n    slices = slice_image(\n             ^^^^^^^^^^^^\n  File ""/orcd/home/002/setliu22/fine-grained-homoglyph-detection/rendering/slicer.py"", line 53, in slice_image\n    return np.stack(slices, axis=0)\n           ^^^^^^^^^^^^^^^^^^^^^^^^\n  File ""/home/setliu22/.conda/envs/itau/lib/python3.11/site-packages/numpy/core/shape_base.py"", line 445, in stack\n    raise ValueError(\'need at least one array to stack\')\nValueError: need at least one array to stack\n')"
conv1d__sweep__max__pad__black__sw16__st8,conv1d,max,True,black,16,8,,5,,,nan,-1,2.1893301010131836,failed,"ValueError('Caught ValueError in DataLoader worker process 1.\nOriginal Traceback (most recent call last):\n  File ""/home/setliu22/.conda/envs/itau/lib/python3.11/site-packages/torch/utils/data/_utils/worker.py"", line 349, in _worker_loop\n    data = fetcher.fetch(index)  # type: ignore[possibly-undefined]\n           ^^^^^^^^^^^^^^^^^^^^\n  File ""/home/setliu22/.conda/envs/itau/lib/python3.11/site-packages/torch/utils/data/_utils/fetch.py"", line 52, in fetch\n    data = [self.dataset[idx] for idx in possibly_batched_index]\n           ^^^^^^^^^^^^^^^^^^^^^^^^^^^^^^^^^^^^^^^^^^^^^^^^^^^^^\n  File ""/home/setliu22/.conda/envs/itau/lib/python3.11/site-packages/torch/utils/data/_utils/fetch.py"", line 52, in <listcomp>\n    data = [self.dataset[idx] for idx in possibly_batched_index]\n            ~~~~~~~~~~~~^^^^^\n  File ""/orcd/home/002/setliu22/fine-grained-homoglyph-detection/training/dataset.py"", line 80, in __getitem__\n    process(name_a),\n    ^^^^^^^^^^^^^^^\n  File ""/orcd/home/002/setliu22/fine-grained-homoglyph-detection/training/dataset.py"", line 70, in process\n    slices = slice_image(\n             ^^^^^^^^^^^^\n  File ""/orcd/home/002/setliu22/fine-grained-homoglyph-detection/rendering/slicer.py"", line 53, in slice_image\n    return np.stack(slices, axis=0)\n           ^^^^^^^^^^^^^^^^^^^^^^^^\n  File ""/home/setliu22/.conda/envs/itau/lib/python3.11/site-packages/numpy/core/shape_base.py"", line 445, in stack\n    raise ValueError(\'need at least one array to stack\')\nValueError: need at least one array to stack\n')"
conv1d__sweep__max__pad__black__sw32__st16,conv1d,max,True,black,32,16,,5,,,nan,-1,1.8398005962371826,failed,"ValueError('Caught ValueError in DataLoader worker process 0.\nOriginal Traceback (most recent call last):\n  File ""/home/setliu22/.conda/envs/itau/lib/python3.11/site-packages/torch/utils/data/_utils/worker.py"", line 349, in _worker_loop\n    data = fetcher.fetch(index)  # type: ignore[possibly-undefined]\n           ^^^^^^^^^^^^^^^^^^^^\n  File ""/home/setliu22/.conda/envs/itau/lib/python3.11/site-packages/torch/utils/data/_utils/fetch.py"", line 52, in fetch\n    data = [self.dataset[idx] for idx in possibly_batched_index]\n           ^^^^^^^^^^^^^^^^^^^^^^^^^^^^^^^^^^^^^^^^^^^^^^^^^^^^^\n  File ""/home/setliu22/.conda/envs/itau/lib/python3.11/site-packages/torch/utils/data/_utils/fetch.py"", line 52, in <listcomp>\n    data = [self.dataset[idx] for idx in possibly_batched_index]\n            ~~~~~~~~~~~~^^^^^\n  File ""/orcd/home/002/setliu22/fine-grained-homoglyph-detection/training/dataset.py"", line 80, in __getitem__\n    process(name_a),\n    ^^^^^^^^^^^^^^^\n  File ""/orcd/home/002/setliu22/fine-grained-homoglyph-detection/training/dataset.py"", line 70, in process\n    slices = slice_image(\n             ^^^^^^^^^^^^\n  File ""/orcd/home/002/setliu22/fine-grained-homoglyph-detection/rendering/slicer.py"", line 53, in slice_image\n    return np.stack(slices, axis=0)\n           ^^^^^^^^^^^^^^^^^^^^^^^^\n  File ""/home/setliu22/.conda/envs/itau/lib/python3.11/site-packages/numpy/core/shape_base.py"", line 445, in stack\n    raise ValueError(\'need at least one array to stack\')\nValueError: need at least one array to stack\n')"
conv1d__sweep__max__pad__black__sw32__st32,conv1d,max,True,black,32,32,,5,,,nan,-1,2.940452814102173,failed,"ValueError('Caught ValueError in DataLoader worker process 0.\nOriginal Traceback (most recent call last):\n  File ""/home/setliu22/.conda/envs/itau/lib/python3.11/site-packages/torch/utils/data/_utils/worker.py"", line 349, in _worker_loop\n    data = fetcher.fetch(index)  # type: ignore[possibly-undefined]\n           ^^^^^^^^^^^^^^^^^^^^\n  File ""/home/setliu22/.conda/envs/itau/lib/python3.11/site-packages/torch/utils/data/_utils/fetch.py"", line 52, in fetch\n    data = [self.dataset[idx] for idx in possibly_batched_index]\n           ^^^^^^^^^^^^^^^^^^^^^^^^^^^^^^^^^^^^^^^^^^^^^^^^^^^^^\n  File ""/home/setliu22/.conda/envs/itau/lib/python3.11/site-packages/torch/utils/data/_utils/fetch.py"", line 52, in <listcomp>\n    data = [self.dataset[idx] for idx in possibly_batched_index]\n            ~~~~~~~~~~~~^^^^^\n  File ""/orcd/home/002/setliu22/fine-grained-homoglyph-detection/training/dataset.py"", line 80, in __getitem__\n    process(name_a),\n    ^^^^^^^^^^^^^^^\n  File ""/orcd/home/002/setliu22/fine-grained-homoglyph-detection/training/dataset.py"", line 70, in process\n    slices = slice_image(\n             ^^^^^^^^^^^^\n  File ""/orcd/home/002/setliu22/fine-grained-homoglyph-detection/rendering/slicer.py"", line 53, in slice_image\n    return np.stack(slices, axis=0)\n           ^^^^^^^^^^^^^^^^^^^^^^^^\n  File ""/home/setliu22/.conda/envs/itau/lib/python3.11/site-packages/numpy/core/shape_base.py"", line 445, in stack\n    raise ValueError(\'need at least one array to stack\')\nValueError: need at least one array to stack\n')"
conv1d__sweep__max__pad__black__sw3__st1,conv1d,max,True,black,3,1,,5,,,0.6184913315920251,2,1329.87144780159,ok,
conv1d__sweep__max__pad__black__sw3__st3,conv1d,max,True,black,3,3,,5,,,0.5689614116481782,4,1361.1550154685974,ok,
conv1d__sweep__max__pad__black__sw4__st2,conv1d,max,True,black,4,2,,5,,,nan,-1,2.6766750812530518,failed,"ValueError('Caught ValueError in DataLoader worker process 3.\nOriginal Traceback (most recent call last):\n  File ""/home/setliu22/.conda/envs/itau/lib/python3.11/site-packages/torch/utils/data/_utils/worker.py"", line 349, in _worker_loop\n    data = fetcher.fetch(index)  # type: ignore[possibly-undefined]\n           ^^^^^^^^^^^^^^^^^^^^\n  File ""/home/setliu22/.conda/envs/itau/lib/python3.11/site-packages/torch/utils/data/_utils/fetch.py"", line 52, in fetch\n    data = [self.dataset[idx] for idx in possibly_batched_index]\n           ^^^^^^^^^^^^^^^^^^^^^^^^^^^^^^^^^^^^^^^^^^^^^^^^^^^^^\n  File ""/home/setliu22/.conda/envs/itau/lib/python3.11/site-packages/torch/utils/data/_utils/fetch.py"", line 52, in <listcomp>\n    data = [self.dataset[idx] for idx in possibly_batched_index]\n            ~~~~~~~~~~~~^^^^^\n  File ""/orcd/home/002/setliu22/fine-grained-homoglyph-detection/training/dataset.py"", line 80, in __getitem__\n    process(name_a),\n    ^^^^^^^^^^^^^^^\n  File ""/orcd/home/002/setliu22/fine-grained-homoglyph-detection/training/dataset.py"", line 70, in process\n    slices = slice_image(\n             ^^^^^^^^^^^^\n  File ""/orcd/home/002/setliu22/fine-grained-homoglyph-detection/rendering/slicer.py"", line 53, in slice_image\n    return np.stack(slices, axis=0)\n           ^^^^^^^^^^^^^^^^^^^^^^^^\n  File ""/home/setliu22/.conda/envs/itau/lib/python3.11/site-packages/numpy/core/shape_base.py"", line 445, in stack\n    raise ValueError(\'need at least one array to stack\')\nValueError: need at least one array to stack\n')"
conv1d__sweep__max__pad__black__sw4__st4,conv1d,max,True,black,4,4,,5,,,nan,-1,2.6854050159454346,failed,"ValueError('Caught ValueError in DataLoader worker process 3.\nOriginal Traceback (most recent call last):\n  File ""/home/setliu22/.conda/envs/itau/lib/python3.11/site-packages/torch/utils/data/_utils/worker.py"", line 349, in _worker_loop\n    data = fetcher.fetch(index)  # type: ignore[possibly-undefined]\n           ^^^^^^^^^^^^^^^^^^^^\n  File ""/home/setliu22/.conda/envs/itau/lib/python3.11/site-packages/torch/utils/data/_utils/fetch.py"", line 52, in fetch\n    data = [self.dataset[idx] for idx in possibly_batched_index]\n           ^^^^^^^^^^^^^^^^^^^^^^^^^^^^^^^^^^^^^^^^^^^^^^^^^^^^^\n  File ""/home/setliu22/.conda/envs/itau/lib/python3.11/site-packages/torch/utils/data/_utils/fetch.py"", line 52, in <listcomp>\n    data = [self.dataset[idx] for idx in possibly_batched_index]\n            ~~~~~~~~~~~~^^^^^\n  File ""/orcd/home/002/setliu22/fine-grained-homoglyph-detection/training/dataset.py"", line 80, in __getitem__\n    process(name_a),\n    ^^^^^^^^^^^^^^^\n  File ""/orcd/home/002/setliu22/fine-grained-homoglyph-detection/training/dataset.py"", line 70, in process\n    slices = slice_image(\n             ^^^^^^^^^^^^\n  File ""/orcd/home/002/setliu22/fine-grained-homoglyph-detection/rendering/slicer.py"", line 53, in slice_image\n    return np.stack(slices, axis=0)\n           ^^^^^^^^^^^^^^^^^^^^^^^^\n  File ""/home/setliu22/.conda/envs/itau/lib/python3.11/site-packages/numpy/core/shape_base.py"", line 445, in stack\n    raise ValueError(\'need at least one array to stack\')\nValueError: need at least one array to stack\n')"
conv1d__sweep__max__pad__black__sw6__st3,conv1d,max,True,black,6,3,,5,,,nan,-1,3.984771728515625,failed,"ValueError('Caught ValueError in DataLoader worker process 3.\nOriginal Traceback (most recent call last):\n  File ""/home/setliu22/.conda/envs/itau/lib/python3.11/site-packages/torch/utils/data/_utils/worker.py"", line 349, in _worker_loop\n    data = fetcher.fetch(index)  # type: ignore[possibly-undefined]\n           ^^^^^^^^^^^^^^^^^^^^\n  File ""/home/setliu22/.conda/envs/itau/lib/python3.11/site-packages/torch/utils/data/_utils/fetch.py"", line 52, in fetch\n    data = [self.dataset[idx] for idx in possibly_batched_index]\n           ^^^^^^^^^^^^^^^^^^^^^^^^^^^^^^^^^^^^^^^^^^^^^^^^^^^^^\n  File ""/home/setliu22/.conda/envs/itau/lib/python3.11/site-packages/torch/utils/data/_utils/fetch.py"", line 52, in <listcomp>\n    data = [self.dataset[idx] for idx in possibly_batched_index]\n            ~~~~~~~~~~~~^^^^^\n  File ""/orcd/home/002/setliu22/fine-grained-homoglyph-detection/training/dataset.py"", line 80, in __getitem__\n    process(name_a),\n    ^^^^^^^^^^^^^^^\n  File ""/orcd/home/002/setliu22/fine-grained-homoglyph-detection/training/dataset.py"", line 70, in process\n    slices = slice_image(\n             ^^^^^^^^^^^^\n  File ""/orcd/home/002/setliu22/fine-grained-homoglyph-detection/rendering/slicer.py"", line 53, in slice_image\n    return np.stack(slices, axis=0)\n           ^^^^^^^^^^^^^^^^^^^^^^^^\n  File ""/home/setliu22/.conda/envs/itau/lib/python3.11/site-packages/numpy/core/shape_base.py"", line 445, in stack\n    raise ValueError(\'need at least one array to stack\')\nValueError: need at least one array to stack\n')"
conv1d__sweep__max__pad__black__sw6__st6,conv1d,max,True,black,6,6,,5,,,nan,-1,2.2565598487854004,failed,"ValueError('Caught ValueError in DataLoader worker process 3.\nOriginal Traceback (most recent call last):\n  File ""/home/setliu22/.conda/envs/itau/lib/python3.11/site-packages/torch/utils/data/_utils/worker.py"", line 349, in _worker_loop\n    data = fetcher.fetch(index)  # type: ignore[possibly-undefined]\n           ^^^^^^^^^^^^^^^^^^^^\n  File ""/home/setliu22/.conda/envs/itau/lib/python3.11/site-packages/torch/utils/data/_utils/fetch.py"", line 52, in fetch\n    data = [self.dataset[idx] for idx in possibly_batched_index]\n           ^^^^^^^^^^^^^^^^^^^^^^^^^^^^^^^^^^^^^^^^^^^^^^^^^^^^^\n  File ""/home/setliu22/.conda/envs/itau/lib/python3.11/site-packages/torch/utils/data/_utils/fetch.py"", line 52, in <listcomp>\n    data = [self.dataset[idx] for idx in possibly_batched_index]\n            ~~~~~~~~~~~~^^^^^\n  File ""/orcd/home/002/setliu22/fine-grained-homoglyph-detection/training/dataset.py"", line 80, in __getitem__\n    process(name_a),\n    ^^^^^^^^^^^^^^^\n  File ""/orcd/home/002/setliu22/fine-grained-homoglyph-detection/training/dataset.py"", line 70, in process\n    slices = slice_image(\n             ^^^^^^^^^^^^\n  File ""/orcd/home/002/setliu22/fine-grained-homoglyph-detection/rendering/slicer.py"", line 53, in slice_image\n    return np.stack(slices, axis=0)\n           ^^^^^^^^^^^^^^^^^^^^^^^^\n  File ""/home/setliu22/.conda/envs/itau/lib/python3.11/site-packages/numpy/core/shape_base.py"", line 445, in stack\n    raise ValueError(\'need at least one array to stack\')\nValueError: need at least one array to stack\n')"
conv1d__sweep__max__pad__black__sw8__st4,conv1d,max,True,black,8,4,,5,,,nan,-1,3.583709478378296,failed,"ValueError('Caught ValueError in DataLoader worker process 3.\nOriginal Traceback (most recent call last):\n  File ""/home/setliu22/.conda/envs/itau/lib/python3.11/site-packages/torch/utils/data/_utils/worker.py"", line 349, in _worker_loop\n    data = fetcher.fetch(index)  # type: ignore[possibly-undefined]\n           ^^^^^^^^^^^^^^^^^^^^\n  File ""/home/setliu22/.conda/envs/itau/lib/python3.11/site-packages/torch/utils/data/_utils/fetch.py"", line 52, in fetch\n    data = [self.dataset[idx] for idx in possibly_batched_index]\n           ^^^^^^^^^^^^^^^^^^^^^^^^^^^^^^^^^^^^^^^^^^^^^^^^^^^^^\n  File ""/home/setliu22/.conda/envs/itau/lib/python3.11/site-packages/torch/utils/data/_utils/fetch.py"", line 52, in <listcomp>\n    data = [self.dataset[idx] for idx in possibly_batched_index]\n            ~~~~~~~~~~~~^^^^^\n  File ""/orcd/home/002/setliu22/fine-grained-homoglyph-detection/training/dataset.py"", line 80, in __getitem__\n    process(name_a),\n    ^^^^^^^^^^^^^^^\n  File ""/orcd/home/002/setliu22/fine-grained-homoglyph-detection/training/dataset.py"", line 70, in process\n    slices = slice_image(\n             ^^^^^^^^^^^^\n  File ""/orcd/home/002/setliu22/fine-grained-homoglyph-detection/rendering/slicer.py"", line 53, in slice_image\n    return np.stack(slices, axis=0)\n           ^^^^^^^^^^^^^^^^^^^^^^^^\n  File ""/home/setliu22/.conda/envs/itau/lib/python3.11/site-packages/numpy/core/shape_base.py"", line 445, in stack\n    raise ValueError(\'need at least one array to stack\')\nValueError: need at least one array to stack\n')"
conv1d__sweep__max__pad__black__sw8__st8,conv1d,max,True,black,8,8,,5,,,nan,-1,4.366269826889038,failed,"ValueError('Caught ValueError in DataLoader worker process 3.\nOriginal Traceback (most recent call last):\n  File ""/home/setliu22/.conda/envs/itau/lib/python3.11/site-packages/torch/utils/data/_utils/worker.py"", line 349, in _worker_loop\n    data = fetcher.fetch(index)  # type: ignore[possibly-undefined]\n           ^^^^^^^^^^^^^^^^^^^^\n  File ""/home/setliu22/.conda/envs/itau/lib/python3.11/site-packages/torch/utils/data/_utils/fetch.py"", line 52, in fetch\n    data = [self.dataset[idx] for idx in possibly_batched_index]\n           ^^^^^^^^^^^^^^^^^^^^^^^^^^^^^^^^^^^^^^^^^^^^^^^^^^^^^\n  File ""/home/setliu22/.conda/envs/itau/lib/python3.11/site-packages/torch/utils/data/_utils/fetch.py"", line 52, in <listcomp>\n    data = [self.dataset[idx] for idx in possibly_batched_index]\n            ~~~~~~~~~~~~^^^^^\n  File ""/orcd/home/002/setliu22/fine-grained-homoglyph-detection/training/dataset.py"", line 80, in __getitem__\n    process(name_a),\n    ^^^^^^^^^^^^^^^\n  File ""/orcd/home/002/setliu22/fine-grained-homoglyph-detection/training/dataset.py"", line 70, in process\n    slices = slice_image(\n             ^^^^^^^^^^^^\n  File ""/orcd/home/002/setliu22/fine-grained-homoglyph-detection/rendering/slicer.py"", line 53, in slice_image\n    return np.stack(slices, axis=0)\n           ^^^^^^^^^^^^^^^^^^^^^^^^\n  File ""/home/setliu22/.conda/envs/itau/lib/python3.11/site-packages/numpy/core/shape_base.py"", line 445, in stack\n    raise ValueError(\'need at least one array to stack\')\nValueError: need at least one array to stack\n')"
conv1d__sweep__mean__nopad__black__sw16__st16,conv1d,mean,False,black,16,16,,5,,,0.5807540588753662,4,974.6985085010529,ok,
conv1d__sweep__mean__nopad__black__sw16__st8,conv1d,mean,False,black,16,8,,5,,,0.588595043352931,4,1028.8417193889618,ok,
conv1d__sweep__mean__nopad__black__sw32__st16,conv1d,mean,False,black,32,16,,5,,,0.9983921592681972,5,991.8930063247681,ok,
conv1d__sweep__mean__nopad__black__sw32__st32,conv1d,mean,False,black,32,32,,5,,,0.9972464959640833,5,966.2133674621582,ok,
conv1d__sweep__mean__nopad__black__sw3__st1,conv1d,mean,False,black,3,1,,5,,,0.5284376782338959,1,1367.1684606075287,ok,
conv1d__sweep__mean__nopad__black__sw3__st3,conv1d,mean,False,black,3,3,,5,,,0.5685539949921556,3,1046.5186738967896,ok,
conv1d__sweep__mean__nopad__black__sw4__st2,conv1d,mean,False,black,4,2,,5,,,0.5283340814836797,3,1153.0545754432678,ok,
conv1d__sweep__mean__nopad__black__sw4__st4,conv1d,mean,False,black,4,4,,5,,,0.549550373549493,1,1029.7784659862518,ok,
conv1d__sweep__mean__nopad__black__sw6__st3,conv1d,mean,False,black,6,3,,5,,,0.5619334961141199,5,1090.0319654941559,ok,
conv1d__sweep__mean__nopad__black__sw6__st6,conv1d,mean,False,black,6,6,,5,,,0.5406469342593668,1,1015.8274731636047,ok,
conv1d__sweep__mean__nopad__black__sw8__st4,conv1d,mean,False,black,8,4,,5,,,0.5011667703795893,2,1070.1687850952148,ok,
conv1d__sweep__mean__nopad__black__sw8__st8,conv1d,mean,False,black,8,8,,5,,,0.5972612077481656,1,989.9216492176056,ok,
conv1d__sweep__mean__pad__black__sw16__st16,conv1d,mean,True,black,16,16,,5,,,nan,-1,4.882336139678955,failed,"ValueError('Caught ValueError in DataLoader worker process 1.\nOriginal Traceback (most recent call last):\n  File ""/home/setliu22/.conda/envs/itau/lib/python3.11/site-packages/torch/utils/data/_utils/worker.py"", line 349, in _worker_loop\n    data = fetcher.fetch(index)  # type: ignore[possibly-undefined]\n           ^^^^^^^^^^^^^^^^^^^^\n  File ""/home/setliu22/.conda/envs/itau/lib/python3.11/site-packages/torch/utils/data/_utils/fetch.py"", line 52, in fetch\n    data = [self.dataset[idx] for idx in possibly_batched_index]\n           ^^^^^^^^^^^^^^^^^^^^^^^^^^^^^^^^^^^^^^^^^^^^^^^^^^^^^\n  File ""/home/setliu22/.conda/envs/itau/lib/python3.11/site-packages/torch/utils/data/_utils/fetch.py"", line 52, in <listcomp>\n    data = [self.dataset[idx] for idx in possibly_batched_index]\n            ~~~~~~~~~~~~^^^^^\n  File ""/orcd/home/002/setliu22/fine-grained-homoglyph-detection/training/dataset.py"", line 80, in __getitem__\n    process(name_a),\n    ^^^^^^^^^^^^^^^\n  File ""/orcd/home/002/setliu22/fine-grained-homoglyph-detection/training/dataset.py"", line 70, in process\n    slices = slice_image(\n             ^^^^^^^^^^^^\n  File ""/orcd/home/002/setliu22/fine-grained-homoglyph-detection/rendering/slicer.py"", line 53, in slice_image\n    return np.stack(slices, axis=0)\n           ^^^^^^^^^^^^^^^^^^^^^^^^\n  File ""/home/setliu22/.conda/envs/itau/lib/python3.11/site-packages/numpy/core/shape_base.py"", line 445, in stack\n    raise ValueError(\'need at least one array to stack\')\nValueError: need at least one array to stack\n')"
conv1d__sweep__mean__pad__black__sw16__st8,conv1d,mean,True,black,16,8,,5,,,nan,-1,2.1965792179107666,failed,"ValueError('Caught ValueError in DataLoader worker process 1.\nOriginal Traceback (most recent call last):\n  File ""/home/setliu22/.conda/envs/itau/lib/python3.11/site-packages/torch/utils/data/_utils/worker.py"", line 349, in _worker_loop\n    data = fetcher.fetch(index)  # type: ignore[possibly-undefined]\n           ^^^^^^^^^^^^^^^^^^^^\n  File ""/home/setliu22/.conda/envs/itau/lib/python3.11/site-packages/torch/utils/data/_utils/fetch.py"", line 52, in fetch\n    data = [self.dataset[idx] for idx in possibly_batched_index]\n           ^^^^^^^^^^^^^^^^^^^^^^^^^^^^^^^^^^^^^^^^^^^^^^^^^^^^^\n  File ""/home/setliu22/.conda/envs/itau/lib/python3.11/site-packages/torch/utils/data/_utils/fetch.py"", line 52, in <listcomp>\n    data = [self.dataset[idx] for idx in possibly_batched_index]\n            ~~~~~~~~~~~~^^^^^\n  File ""/orcd/home/002/setliu22/fine-grained-homoglyph-detection/training/dataset.py"", line 80, in __getitem__\n    process(name_a),\n    ^^^^^^^^^^^^^^^\n  File ""/orcd/home/002/setliu22/fine-grained-homoglyph-detection/training/dataset.py"", line 70, in process\n    slices = slice_image(\n             ^^^^^^^^^^^^\n  File ""/orcd/home/002/setliu22/fine-grained-homoglyph-detection/rendering/slicer.py"", line 53, in slice_image\n    return np.stack(slices, axis=0)\n           ^^^^^^^^^^^^^^^^^^^^^^^^\n  File ""/home/setliu22/.conda/envs/itau/lib/python3.11/site-packages/numpy/core/shape_base.py"", line 445, in stack\n    raise ValueError(\'need at least one array to stack\')\nValueError: need at least one array to stack\n')"
conv1d__sweep__mean__pad__black__sw32__st16,conv1d,mean,True,black,32,16,,5,,,nan,-1,1.9769322872161865,failed,"ValueError('Caught ValueError in DataLoader worker process 0.\nOriginal Traceback (most recent call last):\n  File ""/home/setliu22/.conda/envs/itau/lib/python3.11/site-packages/torch/utils/data/_utils/worker.py"", line 349, in _worker_loop\n    data = fetcher.fetch(index)  # type: ignore[possibly-undefined]\n           ^^^^^^^^^^^^^^^^^^^^\n  File ""/home/setliu22/.conda/envs/itau/lib/python3.11/site-packages/torch/utils/data/_utils/fetch.py"", line 52, in fetch\n    data = [self.dataset[idx] for idx in possibly_batched_index]\n           ^^^^^^^^^^^^^^^^^^^^^^^^^^^^^^^^^^^^^^^^^^^^^^^^^^^^^\n  File ""/home/setliu22/.conda/envs/itau/lib/python3.11/site-packages/torch/utils/data/_utils/fetch.py"", line 52, in <listcomp>\n    data = [self.dataset[idx] for idx in possibly_batched_index]\n            ~~~~~~~~~~~~^^^^^\n  File ""/orcd/home/002/setliu22/fine-grained-homoglyph-detection/training/dataset.py"", line 80, in __getitem__\n    process(name_a),\n    ^^^^^^^^^^^^^^^\n  File ""/orcd/home/002/setliu22/fine-grained-homoglyph-detection/training/dataset.py"", line 70, in process\n    slices = slice_image(\n             ^^^^^^^^^^^^\n  File ""/orcd/home/002/setliu22/fine-grained-homoglyph-detection/rendering/slicer.py"", line 53, in slice_image\n    return np.stack(slices, axis=0)\n           ^^^^^^^^^^^^^^^^^^^^^^^^\n  File ""/home/setliu22/.conda/envs/itau/lib/python3.11/site-packages/numpy/core/shape_base.py"", line 445, in stack\n    raise ValueError(\'need at least one array to stack\')\nValueError: need at least one array to stack\n')"
conv1d__sweep__mean__pad__black__sw32__st32,conv1d,mean,True,black,32,32,,5,,,nan,-1,2.846599578857422,failed,"ValueError('Caught ValueError in DataLoader worker process 0.\nOriginal Traceback (most recent call last):\n  File ""/home/setliu22/.conda/envs/itau/lib/python3.11/site-packages/torch/utils/data/_utils/worker.py"", line 349, in _worker_loop\n    data = fetcher.fetch(index)  # type: ignore[possibly-undefined]\n           ^^^^^^^^^^^^^^^^^^^^\n  File ""/home/setliu22/.conda/envs/itau/lib/python3.11/site-packages/torch/utils/data/_utils/fetch.py"", line 52, in fetch\n    data = [self.dataset[idx] for idx in possibly_batched_index]\n           ^^^^^^^^^^^^^^^^^^^^^^^^^^^^^^^^^^^^^^^^^^^^^^^^^^^^^\n  File ""/home/setliu22/.conda/envs/itau/lib/python3.11/site-packages/torch/utils/data/_utils/fetch.py"", line 52, in <listcomp>\n    data = [self.dataset[idx] for idx in possibly_batched_index]\n            ~~~~~~~~~~~~^^^^^\n  File ""/orcd/home/002/setliu22/fine-grained-homoglyph-detection/training/dataset.py"", line 80, in __getitem__\n    process(name_a),\n    ^^^^^^^^^^^^^^^\n  File ""/orcd/home/002/setliu22/fine-grained-homoglyph-detection/training/dataset.py"", line 70, in process\n    slices = slice_image(\n             ^^^^^^^^^^^^\n  File ""/orcd/home/002/setliu22/fine-grained-homoglyph-detection/rendering/slicer.py"", line 53, in slice_image\n    return np.stack(slices, axis=0)\n           ^^^^^^^^^^^^^^^^^^^^^^^^\n  File ""/home/setliu22/.conda/envs/itau/lib/python3.11/site-packages/numpy/core/shape_base.py"", line 445, in stack\n    raise ValueError(\'need at least one array to stack\')\nValueError: need at least one array to stack\n')"
conv1d__sweep__mean__pad__black__sw3__st1,conv1d,mean,True,black,3,1,,5,,,0.5041536938384068,1,1388.0550899505615,ok,
conv1d__sweep__mean__pad__black__sw3__st3,conv1d,mean,True,black,3,3,,5,,,0.5389044133958177,1,1092.8179569244385,ok,
conv1d__sweep__mean__pad__black__sw4__st2,conv1d,mean,True,black,4,2,,5,,,nan,-1,2.2302463054656982,failed,"ValueError('Caught ValueError in DataLoader worker process 3.\nOriginal Traceback (most recent call last):\n  File ""/home/setliu22/.conda/envs/itau/lib/python3.11/site-packages/torch/utils/data/_utils/worker.py"", line 349, in _worker_loop\n    data = fetcher.fetch(index)  # type: ignore[possibly-undefined]\n           ^^^^^^^^^^^^^^^^^^^^\n  File ""/home/setliu22/.conda/envs/itau/lib/python3.11/site-packages/torch/utils/data/_utils/fetch.py"", line 52, in fetch\n    data = [self.dataset[idx] for idx in possibly_batched_index]\n           ^^^^^^^^^^^^^^^^^^^^^^^^^^^^^^^^^^^^^^^^^^^^^^^^^^^^^\n  File ""/home/setliu22/.conda/envs/itau/lib/python3.11/site-packages/torch/utils/data/_utils/fetch.py"", line 52, in <listcomp>\n    data = [self.dataset[idx] for idx in possibly_batched_index]\n            ~~~~~~~~~~~~^^^^^\n  File ""/orcd/home/002/setliu22/fine-grained-homoglyph-detection/training/dataset.py"", line 80, in __getitem__\n    process(name_a),\n    ^^^^^^^^^^^^^^^\n  File ""/orcd/home/002/setliu22/fine-grained-homoglyph-detection/training/dataset.py"", line 70, in process\n    slices = slice_image(\n             ^^^^^^^^^^^^\n  File ""/orcd/home/002/setliu22/fine-grained-homoglyph-detection/rendering/slicer.py"", line 53, in slice_image\n    return np.stack(slices, axis=0)\n           ^^^^^^^^^^^^^^^^^^^^^^^^\n  File ""/home/setliu22/.conda/envs/itau/lib/python3.11/site-packages/numpy/core/shape_base.py"", line 445, in stack\n    raise ValueError(\'need at least one array to stack\')\nValueError: need at least one array to stack\n')"
conv1d__sweep__mean__pad__black__sw4__st4,conv1d,mean,True,black,4,4,,5,,,nan,-1,5.56567907333374,failed,"ValueError('Caught ValueError in DataLoader worker process 3.\nOriginal Traceback (most recent call last):\n  File ""/home/setliu22/.conda/envs/itau/lib/python3.11/site-packages/torch/utils/data/_utils/worker.py"", line 349, in _worker_loop\n    data = fetcher.fetch(index)  # type: ignore[possibly-undefined]\n           ^^^^^^^^^^^^^^^^^^^^\n  File ""/home/setliu22/.conda/envs/itau/lib/python3.11/site-packages/torch/utils/data/_utils/fetch.py"", line 52, in fetch\n    data = [self.dataset[idx] for idx in possibly_batched_index]\n           ^^^^^^^^^^^^^^^^^^^^^^^^^^^^^^^^^^^^^^^^^^^^^^^^^^^^^\n  File ""/home/setliu22/.conda/envs/itau/lib/python3.11/site-packages/torch/utils/data/_utils/fetch.py"", line 52, in <listcomp>\n    data = [self.dataset[idx] for idx in possibly_batched_index]\n            ~~~~~~~~~~~~^^^^^\n  File ""/orcd/home/002/setliu22/fine-grained-homoglyph-detection/training/dataset.py"", line 80, in __getitem__\n    process(name_a),\n    ^^^^^^^^^^^^^^^\n  File ""/orcd/home/002/setliu22/fine-grained-homoglyph-detection/training/dataset.py"", line 70, in process\n    slices = slice_image(\n             ^^^^^^^^^^^^\n  File ""/orcd/home/002/setliu22/fine-grained-homoglyph-detection/rendering/slicer.py"", line 53, in slice_image\n    return np.stack(slices, axis=0)\n           ^^^^^^^^^^^^^^^^^^^^^^^^\n  File ""/home/setliu22/.conda/envs/itau/lib/python3.11/site-packages/numpy/core/shape_base.py"", line 445, in stack\n    raise ValueError(\'need at least one array to stack\')\nValueError: need at least one array to stack\n')"
conv1d__sweep__mean__pad__black__sw6__st3,conv1d,mean,True,black,6,3,,5,,,nan,-1,2.4318976402282715,failed,"ValueError('Caught ValueError in DataLoader worker process 3.\nOriginal Traceback (most recent call last):\n  File ""/home/setliu22/.conda/envs/itau/lib/python3.11/site-packages/torch/utils/data/_utils/worker.py"", line 349, in _worker_loop\n    data = fetcher.fetch(index)  # type: ignore[possibly-undefined]\n           ^^^^^^^^^^^^^^^^^^^^\n  File ""/home/setliu22/.conda/envs/itau/lib/python3.11/site-packages/torch/utils/data/_utils/fetch.py"", line 52, in fetch\n    data = [self.dataset[idx] for idx in possibly_batched_index]\n           ^^^^^^^^^^^^^^^^^^^^^^^^^^^^^^^^^^^^^^^^^^^^^^^^^^^^^\n  File ""/home/setliu22/.conda/envs/itau/lib/python3.11/site-packages/torch/utils/data/_utils/fetch.py"", line 52, in <listcomp>\n    data = [self.dataset[idx] for idx in possibly_batched_index]\n            ~~~~~~~~~~~~^^^^^\n  File ""/orcd/home/002/setliu22/fine-grained-homoglyph-detection/training/dataset.py"", line 80, in __getitem__\n    process(name_a),\n    ^^^^^^^^^^^^^^^\n  File ""/orcd/home/002/setliu22/fine-grained-homoglyph-detection/training/dataset.py"", line 70, in process\n    slices = slice_image(\n             ^^^^^^^^^^^^\n  File ""/orcd/home/002/setliu22/fine-grained-homoglyph-detection/rendering/slicer.py"", line 53, in slice_image\n    return np.stack(slices, axis=0)\n           ^^^^^^^^^^^^^^^^^^^^^^^^\n  File ""/home/setliu22/.conda/envs/itau/lib/python3.11/site-packages/numpy/core/shape_base.py"", line 445, in stack\n    raise ValueError(\'need at least one array to stack\')\nValueError: need at least one array to stack\n')"
conv1d__sweep__mean__pad__black__sw6__st6,conv1d,mean,True,black,6,6,,5,,,nan,-1,3.0937812328338623,failed,"ValueError('Caught ValueError in DataLoader worker process 3.\nOriginal Traceback (most recent call last):\n  File ""/home/setliu22/.conda/envs/itau/lib/python3.11/site-packages/torch/utils/data/_utils/worker.py"", line 349, in _worker_loop\n    data = fetcher.fetch(index)  # type: ignore[possibly-undefined]\n           ^^^^^^^^^^^^^^^^^^^^\n  File ""/home/setliu22/.conda/envs/itau/lib/python3.11/site-packages/torch/utils/data/_utils/fetch.py"", line 52, in fetch\n    data = [self.dataset[idx] for idx in possibly_batched_index]\n           ^^^^^^^^^^^^^^^^^^^^^^^^^^^^^^^^^^^^^^^^^^^^^^^^^^^^^\n  File ""/home/setliu22/.conda/envs/itau/lib/python3.11/site-packages/torch/utils/data/_utils/fetch.py"", line 52, in <listcomp>\n    data = [self.dataset[idx] for idx in possibly_batched_index]\n            ~~~~~~~~~~~~^^^^^\n  File ""/orcd/home/002/setliu22/fine-grained-homoglyph-detection/training/dataset.py"", line 80, in __getitem__\n    process(name_a),\n    ^^^^^^^^^^^^^^^\n  File ""/orcd/home/002/setliu22/fine-grained-homoglyph-detection/training/dataset.py"", line 70, in process\n    slices = slice_image(\n             ^^^^^^^^^^^^\n  File ""/orcd/home/002/setliu22/fine-grained-homoglyph-detection/rendering/slicer.py"", line 53, in slice_image\n    return np.stack(slices, axis=0)\n           ^^^^^^^^^^^^^^^^^^^^^^^^\n  File ""/home/setliu22/.conda/envs/itau/lib/python3.11/site-packages/numpy/core/shape_base.py"", line 445, in stack\n    raise ValueError(\'need at least one array to stack\')\nValueError: need at least one array to stack\n')"
conv1d__sweep__mean__pad__black__sw8__st4,conv1d,mean,True,black,8,4,,5,,,nan,-1,2.819164276123047,failed,"ValueError('Caught ValueError in DataLoader worker process 3.\nOriginal Traceback (most recent call last):\n  File ""/home/setliu22/.conda/envs/itau/lib/python3.11/site-packages/torch/utils/data/_utils/worker.py"", line 349, in _worker_loop\n    data = fetcher.fetch(index)  # type: ignore[possibly-undefined]\n           ^^^^^^^^^^^^^^^^^^^^\n  File ""/home/setliu22/.conda/envs/itau/lib/python3.11/site-packages/torch/utils/data/_utils/fetch.py"", line 52, in fetch\n    data = [self.dataset[idx] for idx in possibly_batched_index]\n           ^^^^^^^^^^^^^^^^^^^^^^^^^^^^^^^^^^^^^^^^^^^^^^^^^^^^^\n  File ""/home/setliu22/.conda/envs/itau/lib/python3.11/site-packages/torch/utils/data/_utils/fetch.py"", line 52, in <listcomp>\n    data = [self.dataset[idx] for idx in possibly_batched_index]\n            ~~~~~~~~~~~~^^^^^\n  File ""/orcd/home/002/setliu22/fine-grained-homoglyph-detection/training/dataset.py"", line 80, in __getitem__\n    process(name_a),\n    ^^^^^^^^^^^^^^^\n  File ""/orcd/home/002/setliu22/fine-grained-homoglyph-detection/training/dataset.py"", line 70, in process\n    slices = slice_image(\n             ^^^^^^^^^^^^\n  File ""/orcd/home/002/setliu22/fine-grained-homoglyph-detection/rendering/slicer.py"", line 53, in slice_image\n    return np.stack(slices, axis=0)\n           ^^^^^^^^^^^^^^^^^^^^^^^^\n  File ""/home/setliu22/.conda/envs/itau/lib/python3.11/site-packages/numpy/core/shape_base.py"", line 445, in stack\n    raise ValueError(\'need at least one array to stack\')\nValueError: need at least one array to stack\n')"
conv1d__sweep__mean__pad__black__sw8__st8,conv1d,mean,True,black,8,8,,5,,,nan,-1,2.666667938232422,failed,"ValueError('Caught ValueError in DataLoader worker process 3.\nOriginal Traceback (most recent call last):\n  File ""/home/setliu22/.conda/envs/itau/lib/python3.11/site-packages/torch/utils/data/_utils/worker.py"", line 349, in _worker_loop\n    data = fetcher.fetch(index)  # type: ignore[possibly-undefined]\n           ^^^^^^^^^^^^^^^^^^^^\n  File ""/home/setliu22/.conda/envs/itau/lib/python3.11/site-packages/torch/utils/data/_utils/fetch.py"", line 52, in fetch\n    data = [self.dataset[idx] for idx in possibly_batched_index]\n           ^^^^^^^^^^^^^^^^^^^^^^^^^^^^^^^^^^^^^^^^^^^^^^^^^^^^^\n  File ""/home/setliu22/.conda/envs/itau/lib/python3.11/site-packages/torch/utils/data/_utils/fetch.py"", line 52, in <listcomp>\n    data = [self.dataset[idx] for idx in possibly_batched_index]\n            ~~~~~~~~~~~~^^^^^\n  File ""/orcd/home/002/setliu22/fine-grained-homoglyph-detection/training/dataset.py"", line 80, in __getitem__\n    process(name_a),\n    ^^^^^^^^^^^^^^^\n  File ""/orcd/home/002/setliu22/fine-grained-homoglyph-detection/training/dataset.py"", line 70, in process\n    slices = slice_image(\n             ^^^^^^^^^^^^\n  File ""/orcd/home/002/setliu22/fine-grained-homoglyph-detection/rendering/slicer.py"", line 53, in slice_image\n    return np.stack(slices, axis=0)\n           ^^^^^^^^^^^^^^^^^^^^^^^^\n  File ""/home/setliu22/.conda/envs/itau/lib/python3.11/site-packages/numpy/core/shape_base.py"", line 445, in stack\n    raise ValueError(\'need at least one array to stack\')\nValueError: need at least one array to stack\n')"
conv1d__sweep__whole__nopad__black,conv1d,mean,False,black,320,320,320,5,,,0.9981489813625177,5,998.4038696289062,ok,
conv1d__sweep__whole__pad__black,conv1d,mean,True,black,320,320,320,5,,,0.9977805768552837,4,1074.8321318626404,ok,
